type,GLY,PRO,GLN,CYS,ALA,SER,VAL,THR,ILE,LEU,ASN,ASP,LYS,GLU,MET,HIS,PHE,ARG,TYR,TRP
GLY,0.13875,0.195,0.255,0.15375,0.14625,0.13875,0.2325,0.13125,0.225,0.2175,0.2175,0,0.21,0,0.2775,0.1875,0.21375,0.18,0.3,0.255
PRO,0.195,0.19875,0.31875,0.17625,0.16125,0.14625,0.24,0.14625,0.24375,0.17625,0.285,0,0.25125,0,0.25875,0.2475,0.29625,0.13875,0.39375,0.44625
GLN,0.255,0.31875,0.465,0.3225,0.255,0.23625,0.36375,0.26625,0.40875,0.375,0.42375,0,0.4125,0.03,0.40875,0.405,0.5625,0.36,0.555,0.68625
CYS,0.15375,0.17625,0.3225,0.195,0.165,0.165,0.24,0.16875,0.195,0.13875,0.2925,0,0.2475,0,0.22125,0.23625,0.2625,0.1725,0.3825,0.3825
ALA,0.14625,0.16125,0.255,0.165,0.19875,0.1425,0.225,0.14625,0.24375,0.15,0.26625,0,0.24375,0,0.2325,0.19125,0.24375,0.14625,0.2475,0.31125
SER,0.13875,0.14625,0.23625,0.165,0.1425,0.0825,0.16125,0.08625,0.16875,0.1575,0.17625,0,0.2025,0,0.23625,0.1725,0.19125,0.135,0.2475,0.24375
VAL,0.2325,0.24,0.36375,0.24,0.225,0.16125,0.28125,0.18375,0.27375,0.20625,0.36375,0,0.28875,0,0.32625,0.24375,0.37875,0.1875,0.4275,0.44625
THR,0.13125,0.14625,0.26625,0.16875,0.14625,0.08625,0.18375,0.09,0.18375,0.1575,0.24375,0,0.22125,0,0.225,0.16875,0.25125,0.15,0.33375,0.34875
ILE,0.225,0.24375,0.40875,0.195,0.24375,0.16875,0.27375,0.18375,0.3225,0.21375,0.3825,0,0.3,0,0.34125,0.27,0.3825,0.10875,0.465,0.4875
LEU,0.2175,0.17625,0.375,0.13875,0.15,0.1575,0.20625,0.1575,0.21375,0,0.37125,0.3375,0.19875,0.3675,0.20625,0.28875,0.26625,0,0.39,0.405
ASN,0.2175,0.285,0.42375,0.2925,0.26625,0.17625,0.36375,0.24375,0.3825,0.37125,0.405,0,0.3825,0.0525,0.40875,0.33,0.5025,0.37875,0.52125,0.6
ASP,0,0,0,0,0,0,0,0,0,0.3375,0,0,0,0,0,0,0,0.4275,0.0375,0.00375
LYS,0.21,0.25125,0.4125,0.2475,0.24375,0.2025,0.28875,0.22125,0.3,0.19875,0.3825,0,0.33375,0,0.31875,0.2775,0.40875,0.1425,0.525,0.50625
GLU,0,0,0.03,0,0,0,0,0,0,0.3675,0.0525,0,0,0,0,0,0,0.40875,0.10125,0.07875
MET,0.2775,0.25875,0.40875,0.22125,0.2325,0.23625,0.32625,0.225,0.34125,0.20625,0.40875,0,0.31875,0,0.3375,0.285,0.42375,0.19125,0.52875,0.555
HIS,0.1875,0.2475,0.405,0.23625,0.19125,0.1725,0.24375,0.16875,0.27,0.28875,0.33,0,0.2775,0,0.285,0.28125,0.4575,0.2175,0.48375,0.55125
PHE,0.21375,0.29625,0.5625,0.2625,0.24375,0.19125,0.37875,0.25125,0.3825,0.26625,0.5025,0,0.40875,0,0.42375,0.4575,0.495,0.39375,0.60375,0.66375
ARG,0.18,0.13875,0.36,0.1725,0.14625,0.135,0.1875,0.15,0.10875,0,0.37875,0.4275,0.1425,0.40875,0.19125,0.2175,0.39375,0,0.42375,0.6375
TYR,0.3,0.39375,0.555,0.3825,0.2475,0.2475,0.4275,0.33375,0.465,0.39,0.52125,0.0375,0.525,0.10125,0.52875,0.48375,0.60375,0.42375,0.7125,0.75
TRP,0.255,0.44625,0.68625,0.3825,0.31125,0.24375,0.44625,0.34875,0.4875,0.405,0.6,0.00375,0.50625,0.07875,0.555,0.55125,0.66375,0.6375,0.75,0.855
